SMILES,AID,SID,CID,Activity Outcome,Target Accession,Target GeneID,Activity Value [uM],Activity Name,Assay Name,Assay Type,PubMed ID,RNAi,uniprot_id
C1CN(CCN1CC2=CC(=CN2)C3=CC=CC=C3)C4=CC=CC=C4,5446,103246744,44300865,Active,P50129,397432,1.3,Ki,Ability to displace [3H]-Ketanserin radioligand from porcine 5-hydroxytryptamine 2A receptor,Confirmatory,12113813,,P50129
C#CC1=CNC(=C1)CN2CCN(CC2)C3=CC=CC=C3,5446,103247241,10378194,Active,P50129,397432,0.38,Ki,Ability to displace [3H]-Ketanserin radioligand from porcine 5-hydroxytryptamine 2A receptor,Confirmatory,12113813,,P50129
C1CN(CCN1CC2=CC(=CN2)C#N)C3=CC=CC=C3,5446,103247257,44301054,Active,P50129,397432,0.61,Ki,Ability to displace [3H]-Ketanserin radioligand from porcine 5-hydroxytryptamine 2A receptor,Confirmatory,12113813,,P50129
C1CN(CCN1CC2=CNC(=C2)C#N)C3=CC=CC=C3,5446,163329796,71458071,Active,P50129,397432,0.85,Ki,Ability to displace [3H]-Ketanserin radioligand from porcine 5-hydroxytryptamine 2A receptor,Confirmatory,12113813,,P50129
CN1CCN(CC1)C2=NC3=C(C=CC(=C3)Cl)NC4=CC=CC=C42,5447,103165765,135398737,Inconclusive,P50129,397432,,,Ability to displace [3H]ketanserin radioligand from porcine 5-hydroxytryptamine 2A receptor; ND denotes not determined,Other,12113813,,P50129
C1CN(CCN1CC2=C3C=CC=CN3N=C2)C4=CC=C(C=C4)Cl,5447,103165864,10404144,Inconclusive,P50129,397432,,,Ability to displace [3H]ketanserin radioligand from porcine 5-hydroxytryptamine 2A receptor; ND denotes not determined,Other,12113813,,P50129
C1CN(CCN1CC2=CC(=CN2)C#CC3=CC=CC=C3)C4=CC=CC=C4,5447,103246789,11405107,Inconclusive,P50129,397432,,,Ability to displace [3H]ketanserin radioligand from porcine 5-hydroxytryptamine 2A receptor; ND denotes not determined,Other,12113813,,P50129
C1CN(CCN1CC2=CC=CN2)C3=CC=CC=C3,5447,103247486,12997400,Inconclusive,P50129,397432,,,Ability to displace [3H]ketanserin radioligand from porcine 5-hydroxytryptamine 2A receptor; ND denotes not determined,Other,12113813,,P50129
CCCN1CCCC2C1CC3=C(C2)NN=C3,5447,103543557,54562,Inconclusive,P50129,397432,,,Ability to displace [3H]ketanserin radioligand from porcine 5-hydroxytryptamine 2A receptor; ND denotes not determined,Other,12113813,,P50129
COC1=CC=CC=C1N2CCN(CC2)CC3=CN(N=C3)C4=CC=CC=C4,265143,103489734,17449900,Active,P50129,397432,1.3,Ki,Displacement of [3H]WAY100635 from 5HT2 receptor in porcine striatal membrane,Confirmatory,16563764,,P50129
C1CN(CC=C1C2=CC=CC=C2)CC3=CN(N=C3)C4=CC=CC=C4,265143,103490441,11983282,Active,P50129,397432,2.1,Ki,Displacement of [3H]WAY100635 from 5HT2 receptor in porcine striatal membrane,Confirmatory,16563764,,P50129
CCCN1CCCC2C1CC3=C(C2)NN=C3,265143,103543557,54562,Inconclusive,P50129,397432,,Ki,Displacement of [3H]WAY100635 from 5HT2 receptor in porcine striatal membrane,Confirmatory,16563764,,P50129
CN1CCN(CC1)C2=NC3=C(C=CC(=C3)Cl)NC4=CC=CC=C42,266778,103165765,135398737,Inconclusive,P50129,397432,,Ki,Displacement of [3H]ketanserin from 5HT2 receptor in porcine cortical membrane,Confirmatory,16789750,,P50129
C1CN(CCN1CC2=C3C=CC=CN3N=C2)C4=CC=C(C=C4)Cl,266778,103165864,10404144,Active,P50129,397432,0.38,Ki,Displacement of [3H]ketanserin from 5HT2 receptor in porcine cortical membrane,Confirmatory,16789750,,P50129
C1CN(CCN1CC2=CC3=C(N2)C=CC(=C3)C#N)C4=CC=CC=C4,266778,103381320,9995904,Inconclusive,P50129,397432,,Ki,Displacement of [3H]ketanserin from 5HT2 receptor in porcine cortical membrane,Confirmatory,16789750,,P50129
C1CN(CCN1CC2=CC3=C(N2)C=CC(=C3)C#N)C4=CC=C(C=C4)F,266778,103381341,10314824,Inconclusive,P50129,397432,,Ki,Displacement of [3H]ketanserin from 5HT2 receptor in porcine cortical membrane,Confirmatory,16789750,,P50129
C1CN(CCN1CC2=CN3C(=N2)C=CC(=N3)Cl)C4=CC=C(C=C4)Cl,266778,103491174,11559581,Active,P50129,397432,0.91,Ki,Displacement of [3H]ketanserin from 5HT2 receptor in porcine cortical membrane,Confirmatory,16789750,,P50129
CC1=CN2C=C(N=C2C(=C1)Br)CN3CCN(CC3)C4=CC=CC=C4OC,266778,103491176,11661609,Inconclusive,P50129,397432,,Ki,Displacement of [3H]ketanserin from 5HT2 receptor in porcine cortical membrane,Confirmatory,16789750,,P50129
C1CN(CCN1CC2=CN3C=CN=CC3=N2)C4=CC=C(C=C4)F,266778,103491203,11659604,Inconclusive,P50129,397432,,Ki,Displacement of [3H]ketanserin from 5HT2 receptor in porcine cortical membrane,Confirmatory,16789750,,P50129
C1CN(CCN1CC2=CN3C=CC=NC3=N2)C4=CC=C(C=C4)F,266778,103491204,11652518,Inconclusive,P50129,397432,,Ki,Displacement of [3H]ketanserin from 5HT2 receptor in porcine cortical membrane,Confirmatory,16789750,,P50129
CC1=CN2C=C(N=C2C(=C1)I)CN3CCN(CC3)C4=CC=CC=C4OC,266778,103491205,11655570,Inconclusive,P50129,397432,,Ki,Displacement of [3H]ketanserin from 5HT2 receptor in porcine cortical membrane,Confirmatory,16789750,,P50129
C1CCN(CC1)C2=NN3C=C(N=C3C=C2)CN4CCN(CC4)C5=CC(=C(C=C5)Cl)Cl,266778,103491234,11517928,Inconclusive,P50129,397432,,Ki,Displacement of [3H]ketanserin from 5HT2 receptor in porcine cortical membrane,Confirmatory,16789750,,P50129
C1CN(CCN1CC2=CN3C=CC=CC3=N2)C4=CC=C(C=C4)F,266778,103491260,1248739,Active,P50129,397432,0.86,Ki,Displacement of [3H]ketanserin from 5HT2 receptor in porcine cortical membrane,Confirmatory,16789750,,P50129
C1CN(CCN1CC2=CN3C=CC=CC3=N2)C4=CC(=C(C=C4)Cl)Cl,266778,103491261,11516033,Active,P50129,397432,1.2,Ki,Displacement of [3H]ketanserin from 5HT2 receptor in porcine cortical membrane,Confirmatory,16789750,,P50129
COC1=CC=CC=C1N2CCN(CC2)CC3=CN4C=CC=CC4=N3,266778,103491262,6469693,Active,P50129,397432,5.9,Ki,Displacement of [3H]ketanserin from 5HT2 receptor in porcine cortical membrane,Confirmatory,16789750,,P50129
C1CN(CCN1CC2=CN3C=CC=CC3=N2)C4=CC=C(C=C4)Cl,266778,103491290,6469918,Active,P50129,397432,1.2,Ki,Displacement of [3H]ketanserin from 5HT2 receptor in porcine cortical membrane,Confirmatory,16789750,,P50129
C1CN(CCN1CC2=CN3C(=N2)C=CC(=N3)Cl)C4=CC=C(C=C4)F,266778,103491321,11638780,Inconclusive,P50129,397432,,Ki,Displacement of [3H]ketanserin from 5HT2 receptor in porcine cortical membrane,Confirmatory,16789750,,P50129
CC1=CN2C=C(N=C2C(=C1)C3=CC=CC=C3)CN4CCN(CC4)C5=CC=CC=C5OC,266778,103491326,11697270,Inconclusive,P50129,397432,,Ki,Displacement of [3H]ketanserin from 5HT2 receptor in porcine cortical membrane,Confirmatory,16789750,,P50129
C1CN(CCN1CC2=CN3C(=N2)C=CC(=N3)Cl)C4=CC(=C(C=C4)Cl)Cl,266778,103491351,11696910,Active,P50129,397432,1.2,Ki,Displacement of [3H]ketanserin from 5HT2 receptor in porcine cortical membrane,Confirmatory,16789750,,P50129
CC1=CN2C=C(N=C2C(=C1)N3C=CC=N3)CN4CCN(CC4)C5=CC=CC=C5OC,266778,103491540,11682812,Inconclusive,P50129,397432,,Ki,Displacement of [3H]ketanserin from 5HT2 receptor in porcine cortical membrane,Confirmatory,16789750,,P50129
COC1=CC=CC=C1N2CCN(CC2)CC3=CN4C(=N3)C=CC=C4N5C=CC=N5,266778,103491563,11689612,Inconclusive,P50129,397432,,Ki,Displacement of [3H]ketanserin from 5HT2 receptor in porcine cortical membrane,Confirmatory,16789750,,P50129
C1CN(CCN1CC2=CN3C=C(C=CC3=N2)Br)C4=CC(=C(C=C4)Cl)Cl,266778,103491590,11575799,Inconclusive,P50129,397432,,Ki,Displacement of [3H]ketanserin from 5HT2 receptor in porcine cortical membrane,Confirmatory,16789750,,P50129
CN1CCN(CC1)C2=NN3C=C(N=C3C=C2)CN4CCN(CC4)C5=CC(=C(C=C5)Cl)Cl,266778,103491622,11626748,Inconclusive,P50129,397432,,Ki,Displacement of [3H]ketanserin from 5HT2 receptor in porcine cortical membrane,Confirmatory,16789750,,P50129
CC1=CN2C=C(N=C2C(=C1)C#N)CN3CCN(CC3)C4=CC=CC=C4OC,266778,103491623,11631892,Inconclusive,P50129,397432,,Ki,Displacement of [3H]ketanserin from 5HT2 receptor in porcine cortical membrane,Confirmatory,16789750,,P50129
COC1=CC=CC=C1N2CCN(CC2)CC3=CN4C(=N3)C=CC(=N4)Cl,266778,103491674,11581237,Active,P50129,397432,3.4,Ki,Displacement of [3H]ketanserin from 5HT2 receptor in porcine cortical membrane,Confirmatory,16789750,,P50129
COC1=CC=CC=C1N2CCN(CC2)CC3=CN4C=C(C=CC4=N3)Br,266778,103491675,11574902,Inconclusive,P50129,397432,,Ki,Displacement of [3H]ketanserin from 5HT2 receptor in porcine cortical membrane,Confirmatory,16789750,,P50129
COC1=CC=CC=C1N2CCN(CC2)CC3=CN4C=C(C=CC4=N3)I,266778,103491676,11583188,Inconclusive,P50129,397432,,Ki,Displacement of [3H]ketanserin from 5HT2 receptor in porcine cortical membrane,Confirmatory,16789750,,P50129
CC1=CN2C=C(N=C2C(=C1)N3CCOCC3)CN4CCN(CC4)C5=CC=CC=C5OC,266778,103491677,11633170,Inconclusive,P50129,397432,,Ki,Displacement of [3H]ketanserin from 5HT2 receptor in porcine cortical membrane,Confirmatory,16789750,,P50129
C#CC1=CC=C(C=C1)C(=O)NCCN2CCN(CC2)C3=C(C(=CC=C3)Cl)Cl,301647,103543063,44436596,Unspecified,P50129,397432,,,Displacement of [3H]ketanserin from porcine 5HT2 receptor in pig cortical membranes at 100 nM,Other,17827018,,P50129
C1CN(CCN1CCNC(=O)C2=CC=C(C=C2)C#CC3=CC=CC=C3)C4=C(C(=CC=C4)Cl)Cl,301647,103543064,44436597,Unspecified,P50129,397432,,,Displacement of [3H]ketanserin from porcine 5HT2 receptor in pig cortical membranes at 100 nM,Other,17827018,,P50129
C#CC1=CC(=CC=C1)C(=O)NCCN2CCN(CC2)C3=C(C(=CC=C3)Cl)Cl,301647,103543065,44436598,Unspecified,P50129,397432,,,Displacement of [3H]ketanserin from porcine 5HT2 receptor in pig cortical membranes at 100 nM,Other,17827018,,P50129
C1CN(CCN1CCNC(=O)C2=CC=CC(=C2)C#CC3=CC=CC=C3)C4=C(C(=CC=C4)Cl)Cl,301647,103543067,44436599,Unspecified,P50129,397432,,,Displacement of [3H]ketanserin from porcine 5HT2 receptor in pig cortical membranes at 100 nM,Other,17827018,,P50129
COC1=CC=CC=C1N2CCN(CC2)CCCCNC(=O)C3=CC=C(C=C3)C#C,301647,103543068,44436600,Unspecified,P50129,397432,,,Displacement of [3H]ketanserin from porcine 5HT2 receptor in pig cortical membranes at 100 nM,Other,17827018,,P50129
COC1=CC=CC=C1N2CCN(CC2)CCCCNC(=O)C3=CC=C(C=C3)C#CC4=CC=CC=C4,301647,103543069,44436601,Unspecified,P50129,397432,,,Displacement of [3H]ketanserin from porcine 5HT2 receptor in pig cortical membranes at 100 nM,Other,17827018,,P50129
COC1=CC=CC=C1N2CCN(CC2)CCCCNC(=O)C3=CC=CC(=C3)C#C,301647,103543070,44436602,Unspecified,P50129,397432,,,Displacement of [3H]ketanserin from porcine 5HT2 receptor in pig cortical membranes at 100 nM,Other,17827018,,P50129
COC1=CC=CC=C1N2CCN(CC2)CCCCNC(=O)C3=CC=CC(=C3)C#CC4=CC=CC=C4,301647,103543071,44436603,Unspecified,P50129,397432,,,Displacement of [3H]ketanserin from porcine 5HT2 receptor in pig cortical membranes at 100 nM,Other,17827018,,P50129
C#CC1=CC=C(C=C1)C(=O)NCCCCN2CCN(CC2)C3=C(C(=CC=C3)Cl)Cl,301647,103543073,44436605,Unspecified,P50129,397432,,,Displacement of [3H]ketanserin from porcine 5HT2 receptor in pig cortical membranes at 100 nM,Other,17827018,,P50129
C1CN(CCN1CCCCNC(=O)C2=CC=C(C=C2)C#CC3=CC=CC=C3)C4=C(C(=CC=C4)Cl)Cl,301647,103543074,44436606,Unspecified,P50129,397432,,,Displacement of [3H]ketanserin from porcine 5HT2 receptor in pig cortical membranes at 100 nM,Other,17827018,,P50129
C#CC1=CC(=CC=C1)C(=O)NCCCCN2CCN(CC2)C3=C(C(=CC=C3)Cl)Cl,301647,103543076,44436608,Unspecified,P50129,397432,,,Displacement of [3H]ketanserin from porcine 5HT2 receptor in pig cortical membranes at 100 nM,Other,17827018,,P50129
C1CN(CCN1CCCCNC(=O)C2=CC=CC(=C2)C#CC3=CC=CC=C3)C4=C(C(=CC=C4)Cl)Cl,301647,103543078,44436610,Unspecified,P50129,397432,,,Displacement of [3H]ketanserin from porcine 5HT2 receptor in pig cortical membranes at 100 nM,Other,17827018,,P50129
COC1=CC=CC=C1N2CCN(CC2)CCCCCNC(=O)C3=CC=C(C=C3)C#C,301647,103543080,44436612,Unspecified,P50129,397432,,,Displacement of [3H]ketanserin from porcine 5HT2 receptor in pig cortical membranes at 100 nM,Other,17827018,,P50129
COC1=CC=CC=C1N2CCN(CC2)CCCCCNC(=O)C3=CC=C(C=C3)C#CC4=CC=CC=C4,301647,103543081,44436613,Unspecified,P50129,397432,,,Displacement of [3H]ketanserin from porcine 5HT2 receptor in pig cortical membranes at 100 nM,Other,17827018,,P50129
COC1=CC=CC=C1N2CCN(CC2)CCCCCNC(=O)C3=CC=CC(=C3)C#C,301647,103543084,44436616,Unspecified,P50129,397432,,,Displacement of [3H]ketanserin from porcine 5HT2 receptor in pig cortical membranes at 100 nM,Other,17827018,,P50129
COC1=CC=CC=C1N2CCN(CC2)CCCCCNC(=O)C3=CC=CC(=C3)C#CC4=CC=CC=C4,301647,103543085,44436617,Unspecified,P50129,397432,,,Displacement of [3H]ketanserin from porcine 5HT2 receptor in pig cortical membranes at 100 nM,Other,17827018,,P50129
C#CC1=CC=C(C=C1)C(=O)NCCCCCN2CCN(CC2)C3=C(C(=CC=C3)Cl)Cl,301647,103543086,44436618,Unspecified,P50129,397432,,,Displacement of [3H]ketanserin from porcine 5HT2 receptor in pig cortical membranes at 100 nM,Other,17827018,,P50129
C1CN(CCN1CCCCCNC(=O)C2=CC=C(C=C2)C#CC3=CC=CC=C3)C4=C(C(=CC=C4)Cl)Cl,301647,103543087,44436619,Unspecified,P50129,397432,,,Displacement of [3H]ketanserin from porcine 5HT2 receptor in pig cortical membranes at 100 nM,Other,17827018,,P50129
C#CC1=CC(=CC=C1)C(=O)NCCCCCN2CCN(CC2)C3=C(C(=CC=C3)Cl)Cl,301647,103543089,44436621,Unspecified,P50129,397432,,,Displacement of [3H]ketanserin from porcine 5HT2 receptor in pig cortical membranes at 100 nM,Other,17827018,,P50129
C1CN(CCN1CCCCCNC(=O)C2=CC=CC(=C2)C#CC3=CC=CC=C3)C4=C(C(=CC=C4)Cl)Cl,301647,103543091,44436623,Unspecified,P50129,397432,,,Displacement of [3H]ketanserin from porcine 5HT2 receptor in pig cortical membranes at 100 nM,Other,17827018,,P50129
C1CN(CCN1CC2=C3C=CC=CN3N=C2)C4=CC=C(C=C4)Cl,319909,103165864,10404144,Active,P50129,397432,0.38,Ki,Displacement of [3H]ketanserin from 5HT2 receptor in pig cortical membranes,Confirmatory,18307287,,P50129
C1CN(CCN1CC2=NN3C=CC=CC3=C2)C4=CC=C(C=C4)Cl,319909,103277104,10336538,Active,P50129,397432,0.9,Ki,Displacement of [3H]ketanserin from 5HT2 receptor in pig cortical membranes,Confirmatory,18307287,,P50129
C1CN(CCN1CC2=C3C=CC=CN3N=C2)C4=CC=CC=C4O,319909,103577638,24824065,Active,P50129,397432,1.5,Ki,Displacement of [3H]ketanserin from 5HT2 receptor in pig cortical membranes,Confirmatory,18307287,,P50129
C1CN(CCN1CC2=C3C=CC=CN3N=C2)C4=CC=C(C=C4)O,319909,103577639,24824066,Unspecified,P50129,397432,24.7,Ki,Displacement of [3H]ketanserin from 5HT2 receptor in pig cortical membranes,Confirmatory,18307287,,P50129
C1CN(CCN1CC2=NN3C=CC=CC3=C2)C4=CC=CC=C4OCCF,319909,103577675,24824062,Unspecified,P50129,397432,13,Ki,Displacement of [3H]ketanserin from 5HT2 receptor in pig cortical membranes,Confirmatory,18307287,,P50129
C1CN(CCN1CC2=NN3C=CC=CC3=C2)C4=CC=C(C=C4)OCCF,319909,103577677,24824063,Active,P50129,397432,5.5,Ki,Displacement of [3H]ketanserin from 5HT2 receptor in pig cortical membranes,Confirmatory,18307287,,P50129
C1CN(CCN1CC2=C3C=CC=CN3N=C2)C4=CC=C(C=C4)OCCF,319909,103577680,10247561,Unspecified,P50129,397432,14,Ki,Displacement of [3H]ketanserin from 5HT2 receptor in pig cortical membranes,Confirmatory,18307287,,P50129
C1CN(CCN1CC2=C3C=CC=CN3N=C2)C4=CC=CC=C4OCCF,319909,103577717,24823922,Active,P50129,397432,2.9,Ki,Displacement of [3H]ketanserin from 5HT2 receptor in pig cortical membranes,Confirmatory,18307287,,P50129
C1CN(CCN1CC2=C3C=CC=CN3N=C2)C4=NC(=CC=C4)Br,319909,103577719,24823921,Active,P50129,397432,1.2,Ki,Displacement of [3H]ketanserin from 5HT2 receptor in pig cortical membranes,Confirmatory,18307287,,P50129
C1CN(CCN1CC2=NN3C=CC=CC3=C2)C4=NC(=CC=C4)F,319909,103577720,24824060,Active,P50129,397432,9.7,Ki,Displacement of [3H]ketanserin from 5HT2 receptor in pig cortical membranes,Confirmatory,18307287,,P50129
C1CN(CCN1CC2=NN3C=CC=CC3=C2)C4=NC(=CC=C4)Br,319909,103577721,24824061,Active,P50129,397432,4.4,Ki,Displacement of [3H]ketanserin from 5HT2 receptor in pig cortical membranes,Confirmatory,18307287,,P50129
C1CN(CCN1CC2=C3C=CC=CN3N=C2)C4=NC(=CC=C4)F,319909,103577761,24823920,Active,P50129,397432,5.4,Ki,Displacement of [3H]ketanserin from 5HT2 receptor in pig cortical membranes,Confirmatory,18307287,,P50129
C1CN(CCN1CC2=NN3C=CC=CC3=C2)C4=CC=C(C=C4)Cl,320343,103277104,10336538,Active,P50129,397432,0.9,Ki,Displacement of [3H]ketanserin from pig cortical membrane 5HT2 receptor,Confirmatory,18164618,,P50129
C1CN(CCN1CC2=CC(=CC=C2)OCCF)C3=CC=C(C=C3)Cl,320343,103573347,44454685,Active,P50129,397432,0.98,Ki,Displacement of [3H]ketanserin from pig cortical membrane 5HT2 receptor,Confirmatory,18164618,,P50129
COC1=C(C=C(C(=C1)CN2CCN(CC2)C3=CC=C(C=C3)Cl)OCCF)OC,320343,103573348,24882561,Active,P50129,397432,0.1,Ki,Displacement of [3H]ketanserin from pig cortical membrane 5HT2 receptor,Confirmatory,18164618,,P50129
C1CN(CCN1CC2=CC=C(C=C2)OCCF)C3=CC=C(C=C3)Cl,320343,103573386,44454707,Active,P50129,397432,1.8,Ki,Displacement of [3H]ketanserin from pig cortical membrane 5HT2 receptor,Confirmatory,18164618,,P50129
COC1=CC=CC=C1N2CCN(CC2)CC3=CC(=C(C=C3OCCF)OC)OC,320343,103573389,44454709,Active,P50129,397432,0.28,Ki,Displacement of [3H]ketanserin from pig cortical membrane 5HT2 receptor,Confirmatory,18164618,,P50129
COC1=C(C=CC(=C1)CN2CCN(CC2)C3=CC=C(C=C3)Cl)OCCF,320343,103573390,44454710,Active,P50129,397432,0.85,Ki,Displacement of [3H]ketanserin from pig cortical membrane 5HT2 receptor,Confirmatory,18164618,,P50129
COC1=CC=CC=C1N2CCN(CC2)CC3=CC(=CC=C3)OCCF,320343,103573392,44454711,Active,P50129,397432,1.9,Ki,Displacement of [3H]ketanserin from pig cortical membrane 5HT2 receptor,Confirmatory,18164618,,P50129
COC1=CC=CC=C1N2CCN(CC2)CC3=CC=C(C=C3)OCCF,320343,103573433,44454734,Active,P50129,397432,5.4,Ki,Displacement of [3H]ketanserin from pig cortical membrane 5HT2 receptor,Confirmatory,18164618,,P50129
COC1=CC=CC=C1N2CCN(CC2)CC3=CC(=C(C=C3)OCCF)OC,320343,103573436,44454735,Active,P50129,397432,2.1,Ki,Displacement of [3H]ketanserin from pig cortical membrane 5HT2 receptor,Confirmatory,18164618,,P50129
C1CN(CCC1C(=O)C2=CC=C(C=C2)F)CCN3C(=O)C4=CC=CC=C4NC3=O,343052,103167043,3822,Active,P50129,397432,0.001318,Kd,Antagonist activity at serotonin 5HT2A receptor assessed as effect on 5HT-induced isometric contractile force in isolated rings of pig coronary artery,Confirmatory,18534847,,P50129
CN1CCC2=CC=CC=C2CC3=C(CC1)C4=CC=CC=C4N3,343052,103256967,4350931,Unspecified,P50129,397432,,pD2,Antagonist activity at serotonin 5HT2A receptor assessed as effect on 5HT-induced isometric contractile force in isolated rings of pig coronary artery,Confirmatory,18534847,,P50129
CN1CCC2=CC=CC=C2CC3=CC=CC=C3CC1,343052,103477519,5249956,Active,P50129,397432,0.001995,Kd,Antagonist activity at serotonin 5HT2A receptor assessed as effect on 5HT-induced isometric contractile force in isolated rings of pig coronary artery,Confirmatory,18534847,,P50129
CN1CCC2=CC=CC=C2CC3=C(CC1)C=C(C=C3)O,343052,103477539,11558055,Active,P50129,397432,0.0006457,Kd,Antagonist activity at serotonin 5HT2A receptor assessed as effect on 5HT-induced isometric contractile force in isolated rings of pig coronary artery,Confirmatory,18534847,,P50129
CN1CCC2=CC=CC=C2CC3=C(CC1)C=C(C=C3)OC,343052,103482208,44408818,Active,P50129,397432,0.002042,Kd,Antagonist activity at serotonin 5HT2A receptor assessed as effect on 5HT-induced isometric contractile force in isolated rings of pig coronary artery,Confirmatory,18534847,,P50129
CN1CCC2=CC=CC=C2CC3=C(CC1)C(=C(C=C3)O)Cl,343052,103482210,11681599,Active,P50129,397432,0.0008913,Kd,Antagonist activity at serotonin 5HT2A receptor assessed as effect on 5HT-induced isometric contractile force in isolated rings of pig coronary artery,Confirmatory,18534847,,P50129
CN1CCCC2=C(CC3=CC=CC=C3CC1)NC4=CC=CC=C24,343052,103501222,16090821,Active,P50129,397432,0.003802,Kd,Antagonist activity at serotonin 5HT2A receptor assessed as effect on 5HT-induced isometric contractile force in isolated rings of pig coronary artery,Confirmatory,18534847,,P50129
CN1CCCC2=CC=CC=C2CC3=C(CC1)C4=CC=CC=C4N3,343052,103501247,16090814,Unspecified,P50129,397432,,pD2,Antagonist activity at serotonin 5HT2A receptor assessed as effect on 5HT-induced isometric contractile force in isolated rings of pig coronary artery,Confirmatory,18534847,,P50129
CN1CCCC2=C(CC3=CC=CC=C3CC1)C=CC(=C2)OC,343052,103527158,17755999,Active,P50129,397432,0.005754,Kd,Antagonist activity at serotonin 5HT2A receptor assessed as effect on 5HT-induced isometric contractile force in isolated rings of pig coronary artery,Confirmatory,18534847,,P50129
CN1CCCC2=CC=CC=C2CC3=C(CC1)C=C(C=C3)O,343052,103527160,17755867,Active,P50129,397432,0.002138,Kd,Antagonist activity at serotonin 5HT2A receptor assessed as effect on 5HT-induced isometric contractile force in isolated rings of pig coronary artery,Confirmatory,18534847,,P50129
CN1CCCC2=CC=CC=C2CC3=C(CC1)C=C(C=C3)OC,343052,103527161,17756101,Active,P50129,397432,0.003388,Kd,Antagonist activity at serotonin 5HT2A receptor assessed as effect on 5HT-induced isometric contractile force in isolated rings of pig coronary artery,Confirmatory,18534847,,P50129
CN1CCC2=CC=CC=C2CC3=C(CC1)C4=C(N3)C=CC(=C4)O,343052,103548043,44439943,Unspecified,P50129,397432,,pD2,Antagonist activity at serotonin 5HT2A receptor assessed as effect on 5HT-induced isometric contractile force in isolated rings of pig coronary artery,Confirmatory,18534847,,P50129
CCN1CCC2=CC=CC=C2CC3=C(CC1)C=C(C=C3)O,343052,103585775,44561317,Active,P50129,397432,0.003981,Kd,Antagonist activity at serotonin 5HT2A receptor assessed as effect on 5HT-induced isometric contractile force in isolated rings of pig coronary artery,Confirmatory,18534847,,P50129
C1CNCCC2=C(CC3=CC=CC=C31)C=CC(=C2)O,343052,103585776,24863698,Active,P50129,397432,0.06166,Kd,Antagonist activity at serotonin 5HT2A receptor assessed as effect on 5HT-induced isometric contractile force in isolated rings of pig coronary artery,Confirmatory,18534847,,P50129
COC1=CC=CC=C1N2CCN(CC2)CCCCNC(=O)C3=CC=CC(=C3)C4=CN(N=N4)CC5=CC=C(C=C5)C6=CC=C(C=C6)CN7C=C(N=N7)C8=CC(=CC=C8)C(=O)NCCCCN9CCN(CC9)C1=CC=CC=C1OC,439365,103699198,45483654,Active,P50129,397432,3.4,Ki,Displacement of [3H]ketanserin from 5HT2 receptor in pig striatal membranes,Confirmatory,19807103,,P50129
COC1=CC=CC=C1N2CCN(CC2)CCCCNC(=O)C3=CC=C(C=C3)C4=CN(N=N4)CC5=CC=C(C=C5)C6=CC=C(C=C6)CN7C=C(N=N7)C8=CC=C(C=C8)C(=O)NCCCCN9CCN(CC9)C1=CC=CC=C1OC,439365,103699199,45483655,Active,P50129,397432,1.7,Ki,Displacement of [3H]ketanserin from 5HT2 receptor in pig striatal membranes,Confirmatory,19807103,,P50129
C1CN(CCC1(C2=CC=C(C=C2)Cl)O)CCCC(=O)C3=CC=C(C=C3)F,517712,103167216,3559,Active,P50129,397432,0.03,Ki,Displacement of [3H]Ketanserin from 5-HT2 receptor in pig cortex membranes,Confirmatory,20839776,,P50129
COC1=CC=CC=C1N2CCN(CC2)CCCCNC(=O)C3=CC4=CC=CC=C4S3,517712,103382409,9888555,Active,P50129,397432,0.35,Ki,Displacement of [3H]Ketanserin from 5-HT2 receptor in pig cortex membranes,Confirmatory,20839776,,P50129
COC1=CC=CC=C1N2CCN(CC2)CCCCNC(=O)C3=C4CCC5=CC=C(CCC(=C3)C=C4)C=C5,517712,103489641,11504230,Active,P50129,397432,2.2,Ki,Displacement of [3H]Ketanserin from 5-HT2 receptor in pig cortex membranes,Confirmatory,20839776,,P50129
C1CN(CCN1CCCC(=O)C2=CC=C(C=C2)F)C3=CC=C(C=C3)Cl,517712,103623877,44395741,Active,P50129,397432,0.44,Ki,Displacement of [3H]Ketanserin from 5-HT2 receptor in pig cortex membranes,Confirmatory,20839776,,P50129
CC1=CC(=C(C=C1)C)C(=O)CCCN2CCC(CC2)(C3=CC=C(C=C3)Cl)O,517712,123083602,49782603,Active,P50129,397432,0.69,Ki,Displacement of [3H]Ketanserin from 5-HT2 receptor in pig cortex membranes,Confirmatory,20839776,,P50129
CC1=CC(=C(C=C1)C)C(=O)CCCN2CCC(CC2)(C3=C(C=CC(=C3)C)C)O,517712,123083687,49782604,Active,P50129,397432,1.7,Ki,Displacement of [3H]Ketanserin from 5-HT2 receptor in pig cortex membranes,Confirmatory,20839776,,P50129
CC1=CC(=C(C=C1)C)C(=O)CCCN2CCC(CC2)C3=CC=C(C=C3)Cl,517712,123084082,52940985,Active,P50129,397432,0.18,Ki,Displacement of [3H]Ketanserin from 5-HT2 receptor in pig cortex membranes,Confirmatory,20839776,,P50129
CC1=CC(=C(C=C1)C)C2CCN(CC2)CCCC(=O)C3=C(C=CC(=C3)C)C,517712,123089513,52943802,Active,P50129,397432,5.7,Ki,Displacement of [3H]Ketanserin from 5-HT2 receptor in pig cortex membranes,Confirmatory,20839776,,P50129
C1CC2=CC(=C(CCC3=CC=C1C=C3)C=C2)C(=O)NCCCCN4CCN(CC4)C5=C6CCC7=CC=C(CCC(=C5)C=C6)C=C7,517712,123089666,49783041,Active,P50129,397432,8.2,Ki,Displacement of [3H]Ketanserin from 5-HT2 receptor in pig cortex membranes,Confirmatory,20839776,,P50129
C1CC2=CC(=C(CCC3=CC=C1C=C3)C=C2)C(=O)CCCN4CCC(CC4)(C5=CC=C(C=C5)Cl)O,517712,123090496,49782601,Active,P50129,397432,2.4,Ki,Displacement of [3H]Ketanserin from 5-HT2 receptor in pig cortex membranes,Confirmatory,20839776,,P50129
C1CC2=CC(=C(CCC3=CC=C1C=C3)C=C2)N4CCN(CC4)CCCCNC(=O)C5=CC6=CC=CC=C6S5,517712,123091899,49782841,Active,P50129,397432,1,Ki,Displacement of [3H]Ketanserin from 5-HT2 receptor in pig cortex membranes,Confirmatory,20839776,,P50129
CC1=CC(=C(C=C1)C)N2CCN(CC2)CCCC(=O)C3=CC=C(C=C3)F,517712,123093252,52945819,Active,P50129,397432,0.85,Ki,Displacement of [3H]Ketanserin from 5-HT2 receptor in pig cortex membranes,Confirmatory,20839776,,P50129
C1CC2=CC(=C(CCC3=CC=C1C=C3)C=C2)C(=O)CCCN4CCN(CC4)C5=CC=C(C=C5)Cl,517712,123093299,49782837,Active,P50129,397432,1.7,Ki,Displacement of [3H]Ketanserin from 5-HT2 receptor in pig cortex membranes,Confirmatory,20839776,,P50129
CC1=CC(=C(C=C1)C)C2(CCN(CC2)CCCC(=O)C3=CC=C(C=C3)F)O,517712,123094154,49782600,Active,P50129,397432,0.11,Ki,Displacement of [3H]Ketanserin from 5-HT2 receptor in pig cortex membranes,Confirmatory,20839776,,P50129
CC1=CC(=C(C=C1)C)C(=O)NCCCCN2CCN(CC2)C3=C(C=CC(=C3)C)C,517712,123094250,49783042,Active,P50129,397432,3.6,Ki,Displacement of [3H]Ketanserin from 5-HT2 receptor in pig cortex membranes,Confirmatory,20839776,,P50129
C1CC2=CC(=C(CCC3=CC=C1C=C3)C=C2)N4CCN(CC4)CCCC(=O)C5=CC=C(C=C5)F,517712,123095539,49782836,Active,P50129,397432,0.45,Ki,Displacement of [3H]Ketanserin from 5-HT2 receptor in pig cortex membranes,Confirmatory,20839776,,P50129
C1CN(CCC1C2=C3CCC4=CC=C(CCC(=C2)C=C3)C=C4)CCCC(=O)C5=C6CCC7=CC=C(CCC(=C5)C=C6)C=C7,517712,123096975,52947756,Active,P50129,397432,0.31,Ki,Displacement of [3H]Ketanserin from 5-HT2 receptor in pig cortex membranes,Confirmatory,20839776,,P50129
C1CC2=CC(=C(CCC3=CC=C1C=C3)C=C2)C4(CCN(CC4)CCCC(=O)C5=CC=C(C=C5)F)O,517712,123101083,49782398,Active,P50129,397432,0.019,Ki,Displacement of [3H]Ketanserin from 5-HT2 receptor in pig cortex membranes,Confirmatory,20839776,,P50129
CC1=CC(=C(C=C1)C)N2CCN(CC2)CCCCNC(=O)C3=CC4=CC=CC=C4S3,517712,123101099,49783039,Active,P50129,397432,1.5,Ki,Displacement of [3H]Ketanserin from 5-HT2 receptor in pig cortex membranes,Confirmatory,20839776,,P50129
C1CC2=CC(=C(CCC3=CC=C1C=C3)C=C2)C(=O)CCCN4CCC(CC4)(C5=C6CCC7=CC=C(CCC(=C5)C=C6)C=C7)O,517712,123101168,49782602,Active,P50129,397432,1.2,Ki,Displacement of [3H]Ketanserin from 5-HT2 receptor in pig cortex membranes,Confirmatory,20839776,,P50129
CC1=CC(=C(C=C1)C)C(=O)NCCCCN2CCN(CC2)C3=CC=CC=C3OC,517712,123101173,49783040,Active,P50129,397432,1.5,Ki,Displacement of [3H]Ketanserin from 5-HT2 receptor in pig cortex membranes,Confirmatory,20839776,,P50129
CC1=CN=C(C=C1)CNCC2(CCN(CC2)C(=O)C3=CC(=C(C=C3)F)Cl)F,517900,103224951,9865384,Unspecified,P50129,397432,23,Ki,Displacement of [3H]Ketanserin from 5-HT2 receptor in pig cortex membranes,Confirmatory,20860381,,P50129
CC1=CN=C(C=C1)CNCC2(CCN(CC2)C(=O)C3=CSC4=CC=CC=C43)F,517900,123084599,42606339,Unspecified,P50129,397432,22,Ki,Displacement of [3H]Ketanserin from 5-HT2 receptor in pig cortex membranes,Confirmatory,20860381,,P50129
CC1=CN=C(C=C1)CNCC2(CCN(CC2)C(=O)C3=COC4=CC=CC=C43)F,517900,123091350,42606573,Unspecified,P50129,397432,53,Ki,Displacement of [3H]Ketanserin from 5-HT2 receptor in pig cortex membranes,Confirmatory,20860381,,P50129
CC1=CN=C(C=C1)CNCC2(CCN(CC2)C(=O)C3=CC(=CS3)Br)F,517900,123099200,42605994,Unspecified,P50129,397432,18,Ki,Displacement of [3H]Ketanserin from 5-HT2 receptor in pig cortex membranes,Confirmatory,20860381,,P50129
COC1=CC=CC=C1N2CCN(CC2)CCCCNC(=O)C=CC3=CC=C(C=C3)F,539423,103359568,11761412,Active,P50129,397432,0.33,Ki,Displacement of [3H]ketanserin from 5-HT2 receptor in porcine cerebral cortex membranes,Confirmatory,21030255,,P50129
C1CN(CCC1C(F)(F)F)CCN2CCN(C2=O)C3=CC=CC(=C3)C#N,539423,103707893,44622882,Active,P50129,397432,0.23,Ki,Displacement of [3H]ketanserin from 5-HT2 receptor in porcine cerebral cortex membranes,Confirmatory,21030255,,P50129
COC1=CC=CC=C1N2CCN(CC2)CCCCN3CCCC4=CC=CC=C4C3=O,594010,103631173,25256816,Active,P50129,397432,1.1,Ki,Displacement of [3H]Ketanserin from pig 5-HT2 receptor,Confirmatory,21273071,,P50129
COC1=CC=CC=C1N2CCN(CC2)CCCCN3CCC4=CC=CC=C4C3=O,594010,103632093,25256814,Active,P50129,397432,0.99,Ki,Displacement of [3H]Ketanserin from pig 5-HT2 receptor,Confirmatory,21273071,,P50129
COC1=CC=CC=C1N2CCN(CC2)CCCCN3CCC4=C(C3=O)C=CC(=C4)C5=CC=CC=C5,594010,131273733,54580905,Active,P50129,397432,0.33,Ki,Displacement of [3H]Ketanserin from pig 5-HT2 receptor,Confirmatory,21273071,,P50129
COC1=CC=CC=C1N2CCN(CC2)CCCCN3CCC4=C(C3=O)C=CC(=C4)C5=CC=CO5,594010,131273734,54580906,Active,P50129,397432,0.33,Ki,Displacement of [3H]Ketanserin from pig 5-HT2 receptor,Confirmatory,21273071,,P50129
COC1=CC2=C(C=C1)C(=O)N(CCC2)CCCCN3CCN(CC3)C4=CC=CC=C4OC,594010,131275757,54581963,Active,P50129,397432,0.81,Ki,Displacement of [3H]Ketanserin from pig 5-HT2 receptor,Confirmatory,21273071,,P50129
COC1=CC=CC=C1N2CCN(CC2)CCCCN3CCCC4=C(C3=O)C=CC(=C4)C5=CC=CS5,594010,131275758,54581964,Active,P50129,397432,0.53,Ki,Displacement of [3H]Ketanserin from pig 5-HT2 receptor,Confirmatory,21273071,,P50129
COC1=CC=CC=C1N2CCN(CC2)CCCCN3CCC4=C(C3=O)C=CC(=C4)F,594010,131279806,54583897,Active,P50129,397432,0.84,Ki,Displacement of [3H]Ketanserin from pig 5-HT2 receptor,Confirmatory,21273071,,P50129
COC1=CC=CC=C1N2CCN(CC2)CCCCN3CCC4=C(C3=O)C=CC(=C4)C#C,594010,131279807,54583898,Active,P50129,397432,0.92,Ki,Displacement of [3H]Ketanserin from pig 5-HT2 receptor,Confirmatory,21273071,,P50129
COC1=CC=CC=C1N2CCN(CC2)CCCCN3CCC4=C(C3=O)C=CC(=C4)C5=CC=NC=C5,594010,131281795,53327908,Active,P50129,397432,0.16,Ki,Displacement of [3H]Ketanserin from pig 5-HT2 receptor,Confirmatory,21273071,,P50129
COC1=CC=CC=C1N2CCN(CC2)CCCCN3CCC4=C(C=CC=C4C3=O)C5=CC=CC=C5,594010,131283784,54585810,Active,P50129,397432,0.23,Ki,Displacement of [3H]Ketanserin from pig 5-HT2 receptor,Confirmatory,21273071,,P50129
COC1=CC=CC=C1N2CCN(CC2)CCCCN3CCC4=C(C3=O)C=CC(=C4)C5=CC=CS5,594010,131283785,46893146,Active,P50129,397432,0.19,Ki,Displacement of [3H]Ketanserin from pig 5-HT2 receptor,Confirmatory,21273071,,P50129
COC1=CC=CC=C1N2CCN(CC2)CCCCN3CCC4=C(C3=O)C=CC(=C4)C#N,594010,131283786,54585811,Active,P50129,397432,0.43,Ki,Displacement of [3H]Ketanserin from pig 5-HT2 receptor,Confirmatory,21273071,,P50129
C1CN(CCN1CC2=CN=C(C=C2)F)C3=CC4=C(C=C3)OCCO4,633146,136921779,56926587,Active,P50129,397432,5.8,Ki,Displacement of [3H]ketanserin from 5-HT2 receptor in porcine cortical membranes,Confirmatory,22039961,,P50129
C1CN(CCN1CC2=CC=C(C=C2)F)C3=CC4=C(C=C3)OCCO4,633146,136925163,9797495,Active,P50129,397432,7,Ki,Displacement of [3H]ketanserin from 5-HT2 receptor in porcine cortical membranes,Confirmatory,22039961,,P50129
C1CN(CCN1CC2=CC(=C(C=C2)F)O)C3=CC4=C(C=C3)OCCO4,633146,136928312,56926586,Active,P50129,397432,2.3,Ki,Displacement of [3H]ketanserin from 5-HT2 receptor in porcine cortical membranes,Confirmatory,22039961,,P50129
COC1=C(C=CC(=C1)CN2CCN(CC2)C3=CC4=C(C=C3)OCCO4)F,633146,136935074,56926585,Active,P50129,397432,4.2,Ki,Displacement of [3H]ketanserin from 5-HT2 receptor in porcine cortical membranes,Confirmatory,22039961,,P50129
CN1CCN(CC1)CC2=CC(=C3C2=CC=CC=C3)CN4CCN(CC4)C5=CC=CC=C5OC,718724,163315507,71450707,Active,P50129,397432,2.1,Ki,Displacement of [3H]ketanserin from 5-HT2 receptor in porcine cerebral cortex homogenate after 60 mins by scintillation counting analysis,Confirmatory,23099096,,P50129
COC1=CC=CC=C1N2CCN(CC2)CC3=CC(=C4C3=CC=CC=C4)CN5CCOCC5,718724,163322427,71454294,Active,P50129,397432,1,Ki,Displacement of [3H]ketanserin from 5-HT2 receptor in porcine cerebral cortex homogenate after 60 mins by scintillation counting analysis,Confirmatory,23099096,,P50129
COC1=CC=CC=C1N2CCN(CC2)CC3=CC(=C4C3=CC=CC=C4)CN5CCN(CC5)C6=CC=CC=C6OC,718724,163322428,71454295,Active,P50129,397432,0.56,Ki,Displacement of [3H]ketanserin from 5-HT2 receptor in porcine cerebral cortex homogenate after 60 mins by scintillation counting analysis,Confirmatory,23099096,,P50129
COC1=CC=CC=C1N2CCN(CC2)CC3=CC(=C4C3=CC=CC=C4)CO,718724,163325826,71456045,Active,P50129,397432,0.99,Ki,Displacement of [3H]ketanserin from 5-HT2 receptor in porcine cerebral cortex homogenate after 60 mins by scintillation counting analysis,Confirmatory,23099096,,P50129
CN(C)CC1=C2C=CC=CC=C2C(=C1)CN3CCN(CC3)C4=CC=CC=C4OC,718724,163325827,71456046,Active,P50129,397432,1.8,Ki,Displacement of [3H]ketanserin from 5-HT2 receptor in porcine cerebral cortex homogenate after 60 mins by scintillation counting analysis,Confirmatory,23099096,,P50129
COC1=CC=CC=C1N2CCN(CC2)CC3=C4C=CC=CC=C4C(=C3)CN5CCCCC5,718724,163329250,71457844,Active,P50129,397432,1.3,Ki,Displacement of [3H]ketanserin from 5-HT2 receptor in porcine cerebral cortex homogenate after 60 mins by scintillation counting analysis,Confirmatory,23099096,,P50129
COC1=CC=CC=C1N2CCN(CC2)CC3=C4C=CC=CC=C4C=C3,718724,163329251,3716121,Active,P50129,397432,0.092,Ki,Displacement of [3H]ketanserin from 5-HT2 receptor in porcine cerebral cortex homogenate after 60 mins by scintillation counting analysis,Confirmatory,23099096,,P50129
COC1=CC=CC=C1N2CCN(CC2)CC3=CC(=C4C3=CC=CC=C4)C#CC5=CC=CC=C5,718724,163332848,71459759,Active,P50129,397432,1,Ki,Displacement of [3H]ketanserin from 5-HT2 receptor in porcine cerebral cortex homogenate after 60 mins by scintillation counting analysis,Confirmatory,23099096,,P50129
CCCC#CC1=C2C=CC=CC=C2C(=C1)CN3CCN(CC3)C4=CC=CC=C4OC,718724,163332849,71459760,Active,P50129,397432,1.3,Ki,Displacement of [3H]ketanserin from 5-HT2 receptor in porcine cerebral cortex homogenate after 60 mins by scintillation counting analysis,Confirmatory,23099096,,P50129
COC1=CC=CC=C1N2CCN(CC2)CC3=C4C=CC=CC=C4C(=C3)CN5CCN(CC5)C6=CC=C(C=C6)Cl,718724,163332850,71459761,Active,P50129,397432,1.6,Ki,Displacement of [3H]ketanserin from 5-HT2 receptor in porcine cerebral cortex homogenate after 60 mins by scintillation counting analysis,Confirmatory,23099096,,P50129
COC1=CC=CC=C1N2CCN(CC2)CC3=CC(=C4C3=CC=CC=C4)C#C,718724,163336245,71461481,Active,P50129,397432,2.1,Ki,Displacement of [3H]ketanserin from 5-HT2 receptor in porcine cerebral cortex homogenate after 60 mins by scintillation counting analysis,Confirmatory,23099096,,P50129
COC1=CC=CC=C1N2CCN(CC2)CC3=CC(=C4C3=CC=CC=C4)C#N,718724,163339653,71463207,Active,P50129,397432,0.38,Ki,Displacement of [3H]ketanserin from 5-HT2 receptor in porcine cerebral cortex homogenate after 60 mins by scintillation counting analysis,Confirmatory,23099096,,P50129
